step,confidence_level,rel_error_lower_bound,rel_error_upper_bound
55,50,-0.12335453632994096,0.25869130279841485
55,75,-0.24702613230357712,0.39597212653294755
55,90,-0.2614818687226098,0.5790261244349176
56,50,-0.12489954818163997,0.25602683879480914
56,75,-0.2461442051101539,0.39203803211345734
56,90,-0.26084018792506936,0.5731042949970249
57,50,-0.12644456003333898,0.25336237479120344
57,75,-0.2452622779167307,0.3881039376939671
57,90,-0.2601985071275289,0.5671824655591321
58,50,-0.12798957188503798,0.25069791078759773
58,75,-0.2443803507233075,0.3841698432744769
58,90,-0.25955682632998844,0.5612606361212393
59,50,-0.12953458373673699,0.24803344678399203
59,75,-0.24349842352988427,0.3802357488549867
59,90,-0.258915145532448,0.5553388066833465
60,50,-0.131079595588436,0.24536898278038632
60,75,-0.24261649633646107,0.37630165443549646
60,90,-0.25827346473490753,0.5494169772454537
61,50,-0.132624607440135,0.2427045187767806
61,75,-0.24173456914303787,0.3723675600160063
61,90,-0.2576317839373671,0.5434951478075609
62,50,-0.134169619291834,0.2400400547731749
62,75,-0.24085264194961464,0.3684334655965161
62,90,-0.2569901031398266,0.5375733183696682
63,50,-0.135714631143533,0.23737559076956918
63,75,-0.23997071475619144,0.36449937117702585
63,90,-0.25634842234228616,0.5316514889317753
64,50,-0.137259642995232,0.23471112676596348
64,75,-0.23908878756276825,0.36056527675753564
64,90,-0.2557067415447457,0.5257296594938825
65,50,-0.138804654846931,0.23204666276235777
65,75,-0.23820686036934502,0.3566311823380454
65,90,-0.25506506074720525,0.5198078300559897
66,50,-0.14034966669863003,0.22938219875875207
66,75,-0.23732493317592182,0.3526970879185552
66,90,-0.2544233799496648,0.513886000618097
67,50,-0.14189467855032903,0.22671773475514637
67,75,-0.23644300598249862,0.34876299349906503
67,90,-0.25378169915212434,0.5079641711802042
68,50,-0.14343969040202803,0.22405327075154066
68,75,-0.23556107878907542,0.3448288990795748
68,90,-0.2531400183545839,0.5020423417423113
69,50,-0.14498470225372703,0.22138880674793496
69,75,-0.2346791515956522,0.3408948046600846
69,90,-0.25249833755704343,0.49612051230441856
70,50,-0.14652971410542603,0.21872434274432925
70,75,-0.233797224402229,0.3369607102405944
70,90,-0.251856656759503,0.4901986828665258
71,50,-0.14807472595712504,0.21605987874072355
71,75,-0.2329152972088058,0.33302661582110415
71,90,-0.2512149759619625,0.484276853428633
72,50,-0.14961973780882404,0.21339541473711784
72,75,-0.23203337001538257,0.32909252140161394
72,90,-0.25057329516442206,0.4783550239907402
73,50,-0.15116474966052304,0.21073095073351214
73,75,-0.23115144282195937,0.3251584269821237
73,90,-0.2499316143668816,0.47243319455284744
74,50,-0.15270976151222204,0.20806648672990644
74,75,-0.23026951562853618,0.32122433256263355
74,90,-0.24928993356934115,0.4665113651149546
75,50,-0.15425477336392107,0.20540202272630073
75,75,-0.22938758843511298,0.31729023814314333
75,90,-0.2486482527718007,0.46058953567706185
76,50,-0.15579978521562007,0.20273755872269503
76,75,-0.22850566124168975,0.3133561437236531
76,90,-0.24800657197426024,0.4546677062391691
77,50,-0.15734479706731908,0.20007309471908932
77,75,-0.22762373404826655,0.3094220493041629
77,90,-0.24736489117671978,0.44874587680127626
78,50,-0.15888980891901808,0.19740863071548362
78,75,-0.22674180685484335,0.3054879548846727
78,90,-0.24672321037917933,0.4428240473633835
79,50,-0.16043482077071708,0.19474416671187791
79,75,-0.22585987966142013,0.30155386046518246
79,90,-0.24608152958163887,0.43690221792549067
80,50,-0.16197983262241608,0.19207970270827218
80,75,-0.22497795246799693,0.2976197660456923
80,90,-0.2454398487840984,0.4309803884875979
81,50,-0.16352484447411508,0.18941523870466648
81,75,-0.22409602527457373,0.29368567162620207
81,90,-0.24479816798655796,0.42505855904970513
82,50,-0.16506985632581408,0.18675077470106077
82,75,-0.2232140980811505,0.28975157720671185
82,90,-0.2441564871890175,0.4191367296118123
83,50,-0.1666148681775131,0.18408631069745507
83,75,-0.2223321708877273,0.28581748278722163
83,90,-0.24351480639147705,0.41321490017391954
84,50,-0.1681598800292121,0.18142184669384936
84,75,-0.2214502436943041,0.2818833883677314
84,90,-0.2428731255939366,0.4072930707360267
85,50,-0.1697048918809111,0.17875738269024366
85,75,-0.22056831650088088,0.2779492939482412
85,90,-0.24223144479639613,0.40137124129813395
86,50,-0.17124990373261012,0.17609291868663796
86,75,-0.21968638930745768,0.274015199528751
86,90,-0.24158976399885568,0.3954494118602412
87,50,-0.17279491558430912,0.17342845468303225
87,75,-0.21880446211403448,0.2700811051092608
87,90,-0.24094808320131522,0.38952758242234836
88,50,-0.17433992743600812,0.17076399067942655
88,75,-0.21792253492061128,0.2661470106897706
88,90,-0.24030640240377477,0.3836057529844556
89,50,-0.17588493928770713,0.16809952667582084
89,75,-0.21704060772718806,0.26221291627028037
89,90,-0.2396647216062343,0.37768392354656277
90,50,-0.17742995113940613,0.16543506267221514
90,75,-0.21615868053376486,0.25827882185079015
90,90,-0.23902304080869385,0.37176209410867
91,50,-0.1756359725674959,0.16322824234369443
91,75,-0.21445461038928182,0.25759809396691735
91,90,-0.2381397638948931,0.3695338021276133
92,50,-0.1738419939955857,0.1610214220151737
92,75,-0.21275054024479875,0.25691736608304455
92,90,-0.23725648698109236,0.36730551014655655
93,50,-0.17204801542367548,0.15881460168665298
93,75,-0.21104647010031571,0.2562366381991718
93,90,-0.23637321006729162,0.3650772181654998
94,50,-0.1702540368517653,0.15660778135813228
94,75,-0.20934239995583265,0.255555910315299
94,90,-0.23548993315349087,0.3628489261844431
95,50,-0.16846005827985508,0.15440096102961154
95,75,-0.2076383298113496,0.2548751824314262
95,90,-0.23460665623969013,0.36062063420338636
96,50,-0.16666607970794486,0.15219414070109083
96,75,-0.20593425966686654,0.2541944545475534
96,90,-0.23372337932588938,0.35839234222232963
97,50,-0.16487210113603465,0.14998732037257012
97,75,-0.2042301895223835,0.2535137266636806
97,90,-0.23284010241208863,0.3561640502412729
98,50,-0.16307812256412443,0.14778050004404938
98,75,-0.20252611937790044,0.25283299877980786
98,90,-0.2319568254982879,0.35393575826021617
99,50,-0.16128414399221422,0.14557367971552868
99,75,-0.2008220492334174,0.25215227089593506
99,90,-0.23107354858448714,0.35170746627915944
100,50,-0.15949016542030403,0.14336685938700797
100,75,-0.19911797908893436,0.25147154301206226
100,90,-0.2301902716706864,0.3494791742981027
101,50,-0.15769618684839382,0.14116003905848723
101,75,-0.1974139089444513,0.25079081512818946
101,90,-0.22930699475688568,0.347250882317046
102,50,-0.1559022082764836,0.13895321872996652
102,75,-0.19570983879996823,0.25011008724431666
102,90,-0.22842371784308493,0.34502259033598925
103,50,-0.15410822970457339,0.1367463984014458
103,75,-0.1940057686554852,0.2494293593604439
103,90,-0.2275404409292842,0.3427942983549325
104,50,-0.15231425113266317,0.13453957807292508
104,75,-0.19230169851100215,0.2487486314765711
104,90,-0.22665716401548344,0.3405660063738758
105,50,-0.15052027256075295,0.13233275774440437
105,75,-0.19059762836651908,0.2480679035926983
105,90,-0.2257738871016827,0.33833771439281907
106,50,-0.14872629398884274,0.13012593741588366
106,75,-0.18889355822203605,0.2473871757088255
106,90,-0.22489061018788195,0.33610942241176234
107,50,-0.14693231541693252,0.12791911708736292
107,75,-0.18718948807755298,0.24670644782495274
107,90,-0.2240073332740812,0.3338811304307056
108,50,-0.14513833684502234,0.1257122967588422
108,75,-0.18548541793306994,0.24602571994107994
108,90,-0.22312405636028046,0.3316528384496489
109,50,-0.14334435827311212,0.1235054764303215
109,75,-0.1837813477885869,0.24534499205720717
109,90,-0.2222407794464797,0.32942454646859215
110,50,-0.1415503797012019,0.12129865610180078
110,75,-0.18207727764410384,0.24466426417333437
110,90,-0.22135750253267897,0.3271962544875354
111,50,-0.14012845784278155,0.11741214311796386
111,75,-0.18275685447132228,0.24061141103770134
111,90,-0.22037182096025032,0.3284739230028031
112,50,-0.13870653598436122,0.11352563013412693
112,75,-0.18343643129854076,0.2365585579020683
112,90,-0.2193861393878217,0.32975159151807076
113,50,-0.13728461412594087,0.10963911715029001
113,75,-0.1841160081257592,0.23250570476643526
113,90,-0.21840045781539305,0.3310292600333384
114,50,-0.1358626922675205,0.10575260416645309
114,75,-0.18479558495297765,0.22845285163080223
114,90,-0.21741477624296443,0.33230692854860605
115,50,-0.13444077040910019,0.10186609118261616
115,75,-0.1854751617801961,0.2243999984951692
115,90,-0.21642909467053578,0.3335845970638737
116,50,-0.13301884855067983,0.09797957819877925
116,75,-0.18615473860741455,0.22034714535953615
116,90,-0.21544341309810713,0.33486226557914134
117,50,-0.13159692669225947,0.09409306521494233
117,75,-0.18683431543463302,0.21629429222390312
117,90,-0.2144577315256785,0.336139934094409
118,50,-0.13017500483383915,0.09020655223110541
118,75,-0.18751389226185147,0.2122414390882701
118,90,-0.21347204995324986,0.3374176026096767
119,50,-0.1287530829754188,0.08632003924726848
119,75,-0.18819346908906992,0.20818858595263706
119,90,-0.21248636838082124,0.33869527112494435
120,50,-0.12733116111699844,0.08243352626343156
120,75,-0.1888730459162884,0.20413573281700403
120,90,-0.2115006868083926,0.339972939640212
121,50,-0.1259092392585781,0.07854701327959464
121,75,-0.18955262274350684,0.20008287968137098
121,90,-0.21051500523596395,0.34125060815547964
122,50,-0.12448731740015775,0.07466050029575771
122,75,-0.1902321995707253,0.19603002654573795
122,90,-0.20952932366353533,0.3425282766707473
123,50,-0.12306539554173741,0.07077398731192079
123,75,-0.19091177639794374,0.19197717341010492
123,90,-0.20854364209110668,0.343805945186015
124,50,-0.12164347368331707,0.06688747432808387
124,75,-0.1915913532251622,0.18792432027447187
124,90,-0.20755796051867806,0.3450836137012826
125,50,-0.12022155182489672,0.06300096134424696
125,75,-0.19227093005238066,0.18387146713883884
125,90,-0.2065722789462494,0.34636128221655027
126,50,-0.11879962996647637,0.05911444836041003
126,75,-0.1929505068795991,0.1798186140032058
126,90,-0.20558659737382076,0.34763895073181794
127,50,-0.11737770810805603,0.05522793537657311
127,75,-0.19363008370681756,0.17576576086757278
127,90,-0.20460091580139214,0.3489166192470856
128,50,-0.11595578624963569,0.05134142239273619
128,75,-0.19430966053403603,0.17171290773193976
128,90,-0.2036152342289635,0.3501942877623533
129,50,-0.11453386439121534,0.047454909408899265
129,75,-0.19498923736125448,0.1676600545963067
129,90,-0.20262955265653487,0.3514719562776209
130,50,-0.113111942532795,0.04356839642506234
130,75,-0.19566881418847293,0.16360720146067367
130,90,-0.20164387108410622,0.35274962479288857
131,50,-0.1154926972767889,0.042806787967451354
131,75,-0.20277499276651959,0.1626222552119858
131,90,-0.21374499942274425,0.3564581462378164
132,50,-0.11787345202078282,0.04204517950984037
132,75,-0.20988117134456624,0.16163730896329792
132,90,-0.2258461277613823,0.36016666768274425
133,50,-0.12025420676477673,0.041283571052229386
133,75,-0.2169873499226129,0.16065236271461003
133,90,-0.23794725610002032,0.3638751891276721
134,50,-0.12263496150877064,0.0405219625946184
134,75,-0.22409352850065956,0.15966741646592217
134,90,-0.25004838443865834,0.3675837105726
135,50,-0.12501571625276456,0.03976035413700741
135,75,-0.23119970707870624,0.1586824702172343
135,90,-0.26214951277729637,0.3712922320175278
136,50,-0.12739647099675847,0.03899874567939643
136,75,-0.23830588565675287,0.15769752396854642
136,90,-0.27425064111593445,0.37500075346245565
137,50,-0.12977722574075237,0.03823713722178544
137,75,-0.24541206423479955,0.15671257771985853
137,90,-0.28635176945457247,0.3787092749073835
138,50,-0.13215798048474628,0.037475528764174454
138,75,-0.2525182428128462,0.15572763147117066
138,90,-0.2984528977932105,0.3824177963523113
139,50,-0.13453873522874019,0.036713920306563466
139,75,-0.25962442139089287,0.1547426852224828
139,90,-0.3105540261318485,0.38612631779723916
140,50,-0.13691948997273412,0.035952311848952485
140,75,-0.26673059996893955,0.1537577389737949
140,90,-0.32265515447048654,0.389834839242167
141,50,-0.13930024471672803,0.0351907033913415
141,75,-0.2738367785469862,0.15277279272510702
141,90,-0.3347562828091246,0.3935433606870949
142,50,-0.14168099946072193,0.03442909493373052
142,75,-0.2809429571250328,0.15178784647641916
142,90,-0.3468574111477626,0.3972518821320227
143,50,-0.14406175420471584,0.03366748647611953
143,75,-0.2880491357030795,0.1508029002277313
143,90,-0.35895853948640066,0.40096040357695056
144,50,-0.14644250894870975,0.03290587801850854
144,75,-0.2951553142811262,0.1498179539790434
144,90,-0.3710596678250387,0.4046689250218784
145,50,-0.14882326369270366,0.032144269560897554
145,75,-0.3022614928591728,0.14883300773035552
145,90,-0.3831607961636767,0.40837744646680624
146,50,-0.15120401843669756,0.031382661103286566
146,75,-0.3093676714372195,0.14784806148166765
146,90,-0.3952619245023148,0.4120859679117341
147,50,-0.1535847731806915,0.030621052645675585
147,75,-0.3164738500152661,0.1468631152329798
147,90,-0.40736305284095276,0.41579448935666197
148,50,-0.1559655279246854,0.029859444188064597
148,75,-0.3235800285933128,0.1458781689842919
148,90,-0.41946418117959083,0.4195030108015898
149,50,-0.1583462826686793,0.02909783573045361
149,75,-0.33068620717135944,0.144893222735604
149,90,-0.43156530951822886,0.42321153224651764
150,50,-0.16072703741267322,0.028336227272842626
150,75,-0.3377923857494061,0.14390827648691615
150,90,-0.4436664378568669,0.4269200536914455
151,50,-0.15699981490228468,0.03194946525981255
151,75,-0.32787602278589945,0.14706284642365056
151,90,-0.4297942314093379,0.42843504691696166
152,50,-0.15327259239189614,0.03556270324678247
152,75,-0.31795965982239277,0.15021741636038494
152,90,-0.4159220249618089,0.4299500401424779
153,50,-0.14954536988150763,0.0391759412337524
153,75,-0.3080432968588861,0.15337198629711934
153,90,-0.4020498185142799,0.4314650333679941
154,50,-0.1458181473711191,0.042789179220722326
154,75,-0.29812693389537936,0.15652655623385373
154,90,-0.38817761206675094,0.43298002659351026
155,50,-0.14209092486073055,0.04640241720769225
155,75,-0.2882105709318727,0.15968112617058813
155,90,-0.374305405619222,0.4344950198190265
156,50,-0.138363702350342,0.05001565519466217
156,75,-0.278294207968366,0.16283569610732251
156,90,-0.360433199171693,0.4360100130445427
157,50,-0.13463647983995347,0.053628893181632095
157,75,-0.26837784500485934,0.16599026604405692
157,90,-0.34656099272416396,0.43752500627005886
158,50,-0.13090925732956496,0.05724213116860202
158,75,-0.25846148204135266,0.1691448359807913
158,90,-0.332688786276635,0.43903999949557504
159,50,-0.12718203481917642,0.06085536915557195
159,75,-0.24854511907784596,0.1722994059175257
159,90,-0.31881657982910605,0.4405549927210913
160,50,-0.12345481230878788,0.06446860714254186
160,75,-0.23862875611433929,0.1754539758542601
160,90,-0.30494437338157704,0.44206998594660746
161,50,-0.11972758979839934,0.06808184512951179
161,75,-0.22871239315083258,0.1786085457909945
161,90,-0.291072166934048,0.44358497917212364
162,50,-0.11600036728801082,0.07169508311648172
162,75,-0.2187960301873259,0.1817631157277289
162,90,-0.27719996048651907,0.4450999723976399
163,50,-0.11227314477762229,0.07530832110345165
163,75,-0.20887966722381923,0.1849176856644633
163,90,-0.2633277540389901,0.44661496562315606
164,50,-0.10854592226723375,0.07892155909042156
164,75,-0.19896330426031256,0.1880722556011977
164,90,-0.2494555475914611,0.44812995884867224
165,50,-0.10481869975684521,0.08253479707739149
165,75,-0.18904694129680585,0.19122682553793208
165,90,-0.23558334114393212,0.4496449520741884
166,50,-0.10109147724645667,0.08614803506436142
166,75,-0.17913057833329918,0.19438139547466649
166,90,-0.22171113469640313,0.45115994529970466
167,50,-0.09736425473606815,0.08976127305133134
167,75,-0.1692142153697925,0.19753596541140087
167,90,-0.20783892824887415,0.45267493852522084
168,50,-0.09363703222567961,0.09337451103830127
168,75,-0.1592978524062858,0.20069053534813527
168,90,-0.19396672180134517,0.454189931750737
169,50,-0.08990980971529108,0.09698774902527119
169,75,-0.14938148944277913,0.20384510528486965
169,90,-0.18009451535381615,0.45570492497625326
170,50,-0.08618258720490254,0.10060098701224111
170,75,-0.13946512647927245,0.20699967522160406
170,90,-0.1662223089062872,0.45721991820176944
171,50,-0.08911509704072698,0.09827352535313082
171,75,-0.14610720025151308,0.20283974345552241
171,90,-0.17647316300560362,0.44370779192864895
172,50,-0.09204760687655142,0.09594606369402052
172,75,-0.1527492740237537,0.19867981168944077
172,90,-0.1867240171049201,0.4301956656555285
173,50,-0.09498011671237586,0.09361860203491022
173,75,-0.15939134779599434,0.19451987992335912
173,90,-0.19697487120423654,0.41668353938240804
174,50,-0.09791262654820031,0.09129114037579993
174,75,-0.16603342156823497,0.19035994815727747
174,90,-0.20722572530355302,0.40317141310928756
175,50,-0.10084513638402474,0.08896367871668963
175,75,-0.1726754953404756,0.18620001639119582
175,90,-0.21747657940286946,0.38965928683616713
176,50,-0.10377764621984918,0.08663621705757933
176,75,-0.17931756911271624,0.18204008462511417
176,90,-0.22772743350218594,0.37614716056304665
177,50,-0.10671015605567362,0.08430875539846905
177,75,-0.18595964288495687,0.17788015285903253
177,90,-0.2379782876015024,0.36263503428992616
178,50,-0.10964266589149807,0.08198129373935875
178,75,-0.1926017166571975,0.17372022109295088
178,90,-0.24822914170081883,0.34912290801680573
179,50,-0.11257517572732251,0.07965383208024845
179,75,-0.19924379042943813,0.16956028932686923
179,90,-0.2584799958001353,0.33561078174368525
180,50,-0.11550768556314694,0.07732637042113816
180,75,-0.20588586420167876,0.16540035756078758
180,90,-0.2687308498994518,0.3220986554705648
181,50,-0.11844019539897138,0.07499890876202786
181,75,-0.2125279379739194,0.16124042579470593
181,90,-0.2789817039987682,0.30858652919744434
182,50,-0.12137270523479582,0.07267144710291756
182,75,-0.21917001174616002,0.15708049402862428
182,90,-0.2892325580980847,0.29507440292432385
183,50,-0.12430521507062026,0.07034398544380727
183,75,-0.22581208551840065,0.15292056226254264
183,90,-0.29948341219740116,0.28156227665120337
184,50,-0.1272377249064447,0.06801652378469697
184,75,-0.23245415929064128,0.148760630496461
184,90,-0.30973426629671763,0.26805015037808294
185,50,-0.13017023474226913,0.06568906212558667
185,75,-0.2390962330628819,0.14460069873037934
185,90,-0.3199851203960341,0.25453802410496246
186,50,-0.13310274457809357,0.06336160046647638
186,75,-0.24573830683512254,0.1404407669642977
186,90,-0.3302359744953505,0.241025897831842
187,50,-0.136035254413918,0.06103413880736608
187,75,-0.2523803806073632,0.13628083519821604
187,90,-0.34048682859466695,0.22751377155872154
188,50,-0.13896776424974247,0.05870667714825578
188,75,-0.2590224543796038,0.1321209034321344
188,90,-0.3507376826939834,0.21400164528560106
189,50,-0.1419002740855669,0.056379215489145484
189,75,-0.26566452815184444,0.12796097166605275
189,90,-0.3609885367932999,0.20048951901248063
190,50,-0.14483278392139134,0.05405175383003519
190,75,-0.27230660192408507,0.1238010398999711
190,90,-0.37123939089261637,0.18697739273936015
191,50,-0.14264540372694892,0.054876832163413186
191,75,-0.27605541343330237,0.12418026894379094
191,90,-0.37692443065400655,0.18688358672960909
192,50,-0.14045802353250647,0.05570191049679117
192,75,-0.27980422494251966,0.12455949798761079
192,90,-0.3826094704153967,0.18678978071985802
193,50,-0.13827064333806405,0.05652698883016916
193,75,-0.28355303645173696,0.12493872703143064
193,90,-0.38829451017678696,0.186695974710107
194,50,-0.1360832631436216,0.057352067163547155
194,75,-0.28730184796095426,0.12531795607525048
194,90,-0.39397954993817713,0.18660216870035592
195,50,-0.13389588294917917,0.05817714549692514
195,75,-0.2910506594701716,0.12569718511907033
195,90,-0.3996645896995673,0.18650836269060486
196,50,-0.13170850275473672,0.05900222383030313
196,75,-0.2947994709793889,0.12607641416289017
196,90,-0.40534962946095754,0.18641455668085383
197,50,-0.1295211225602943,0.05982730216368112
197,75,-0.2985482824886062,0.12645564320671002
197,90,-0.4110346692223477,0.18632075067110276
198,50,-0.12733374236585188,0.06065238049705911
198,75,-0.3022970939978235,0.12683487225052986
198,90,-0.4167197089837379,0.1862269446613517
199,50,-0.12514636217140943,0.0614774588304371
199,75,-0.3060459055070408,0.1272141012943497
199,90,-0.42240474874512807,0.18613313865160064
200,50,-0.122958981976967,0.06230253716381509
200,75,-0.3097947170162581,0.12759333033816955
200,90,-0.42808978850651824,0.18603933264184958
201,50,-0.12077160178252457,0.06312761549719308
201,75,-0.3135435285254754,0.12797255938198937
201,90,-0.4337748282679085,0.18594552663209854
202,50,-0.11858422158808213,0.06395269383057106
202,75,-0.3172923400346927,0.12835178842580922
202,90,-0.43945986802929865,0.18585172062234748
203,50,-0.11639684139363969,0.06477777216394906
203,75,-0.32104115154391,0.12873101746962906
203,90,-0.4451449077906888,0.18575791461259641
204,50,-0.11420946119919725,0.06560285049732704
204,75,-0.3247899630531273,0.1291102465134489
204,90,-0.45082994755207906,0.18566410860284538
205,50,-0.11202208100475483,0.06642792883070503
205,75,-0.3285387745623446,0.12948947555726875
205,90,-0.45651498731346923,0.18557030259309432
206,50,-0.10983470081031238,0.06725300716408303
206,75,-0.33228758607156195,0.1298687046010886
206,90,-0.4622000270748594,0.18547649658334325
207,50,-0.10764732061586996,0.06807808549746101
207,75,-0.33603639758077924,0.13024793364490844
207,90,-0.4678850668362496,0.1853826905735922
208,50,-0.10545994042142752,0.068903163830839
208,75,-0.33978520908999654,0.1306271626887283
208,90,-0.47357010659763976,0.18528888456384113
209,50,-0.10327256022698508,0.069728242164217
209,75,-0.34353402059921384,0.13100639173254813
209,90,-0.47925514635903,0.1851950785540901
210,50,-0.10108518003254265,0.07055332049759498
210,75,-0.34728283210843114,0.13138562077636798
210,90,-0.48494018612042017,0.18510127254433903
211,50,-0.09919452878307462,0.06836781270715153
211,75,-0.35742813869713236,0.12935160378671406
211,90,-0.4942562855323425,0.18299663746981493
212,50,-0.09730387753360661,0.06618230491670807
212,75,-0.3675734452858336,0.12731758679706015
212,90,-0.5035723849442648,0.1808920023952908
213,50,-0.09541322628413859,0.06399679712626462
213,75,-0.3777187518745348,0.12528356980740624
213,90,-0.5128884843561872,0.1787873673207667
214,50,-0.09352257503467058,0.06181128933582117
214,75,-0.387864058463236,0.12324955281775232
214,90,-0.5222045837681095,0.17668273224624256
215,50,-0.09163192378520256,0.05962578154537771
215,75,-0.3980093650519372,0.12121553582809841
215,90,-0.5315206831800318,0.17457809717171846
216,50,-0.08974127253573455,0.057440273754934254
216,75,-0.40815467164063846,0.1191815188384445
216,90,-0.5408367825919541,0.17247346209719433
217,50,-0.08785062128626653,0.055254765964490804
217,75,-0.4182999782293396,0.11714750184879058
217,90,-0.5501528820038765,0.17036882702267023
218,50,-0.08595997003679852,0.053069258174047354
218,75,-0.42844528481804084,0.11511348485913667
218,90,-0.5594689814157988,0.1682641919481461
219,50,-0.0840693187873305,0.0508837503836039
219,75,-0.43859059140674206,0.11307946786948275
219,90,-0.5687850808277211,0.166159556873622
220,50,-0.08217866753786249,0.04869824259316044
220,75,-0.4487358979954433,0.11104545087982884
220,90,-0.5781011802396434,0.16405492179909786
221,50,-0.08028801628839446,0.04651273480271699
221,75,-0.4588812045841445,0.10901143389017492
221,90,-0.5874172796515658,0.16195028672457376
222,50,-0.07839736503892644,0.04432722701227353
222,75,-0.4690265111728457,0.10697741690052101
222,90,-0.5967333790634881,0.15984565165004966
223,50,-0.07650671378945843,0.042141719221830076
223,75,-0.47917181776154694,0.1049433999108671
223,90,-0.6060494784754105,0.15774101657552553
224,50,-0.07461606253999041,0.039956211431386626
224,75,-0.4893171243502481,0.10290938292121318
224,90,-0.6153655778873328,0.15563638150100143
225,50,-0.0727254112905224,0.037770703640943176
225,75,-0.4994624309389494,0.10087536593155927
225,90,-0.6246816772992551,0.1535317464264773
226,50,-0.07083476004105438,0.03558519585049972
226,75,-0.5096077375276505,0.09884134894190535
226,90,-0.6339977767111774,0.1514271113519532
227,50,-0.06894410879158636,0.03339968806005626
227,75,-0.5197530441163518,0.09680733195225144
227,90,-0.6433138761230998,0.14932247627742906
228,50,-0.06705345754211835,0.031214180269612812
228,75,-0.529898350705053,0.09477331496259753
228,90,-0.652629975535022,0.14721784120290496
229,50,-0.06516280629265034,0.029028672479169355
229,75,-0.5400436572937541,0.09273929797294361
229,90,-0.6619460749469444,0.14511320612838086
230,50,-0.06327215504318232,0.026843164688725905
230,75,-0.5501889638824554,0.0907052809832897
230,90,-0.6712621743588667,0.14300857105385673
231,50,-0.06272071030833115,0.027221176810395858
231,75,-0.5264098256615763,0.09077345946512581
231,90,-0.6418713001064079,0.14202279835219556
232,50,-0.062169265573479994,0.02759918893206581
232,75,-0.5026306874406974,0.09084163794696191
232,90,-0.612480425853949,0.14103702565053441
233,50,-0.06161782083862883,0.027977201053735763
233,75,-0.4788515492198183,0.09090981642879803
233,90,-0.5830895516014902,0.14005125294887324
234,50,-0.061066376103777666,0.028355213175405715
234,75,-0.45507241099893925,0.09097799491063414
234,90,-0.5536986773490313,0.1390654802472121
235,50,-0.06051493136892651,0.028733225297075664
235,75,-0.4312932727780602,0.09104617339247026
235,90,-0.5243078030965725,0.13807970754555093
236,50,-0.059963486634075344,0.02911123741874562
236,75,-0.40751413455718116,0.09111435187430636
236,90,-0.4949169288441137,0.1370939348438898
237,50,-0.05941204189922418,0.02948924954041557
237,75,-0.38373499633630215,0.09118253035614247
237,90,-0.46552605459165486,0.13610816214222862
238,50,-0.058860597164373016,0.02986726166208552
238,75,-0.3599558581154231,0.09125070883797859
238,90,-0.43613518033919607,0.13512238944056748
239,50,-0.05830915242952186,0.030245273783755473
239,75,-0.336176719894544,0.09131888731981469
239,90,-0.40674430608673723,0.1341366167389063
240,50,-0.057757707694670694,0.030623285905425426
240,75,-0.312397581673665,0.0913870658016508
240,90,-0.3773534318342784,0.13315084403724514
241,50,-0.05720626295981953,0.031001298027095378
241,75,-0.288618443452786,0.09145524428348692
241,90,-0.34796255758181954,0.132165071335584
242,50,-0.05665481822496837,0.03137931014876533
242,75,-0.2648393052319069,0.09152342276532302
242,90,-0.3185716833293607,0.13117929863392283
243,50,-0.05610337349011721,0.03175732227043528
243,75,-0.24106016701102784,0.09159160124715914
243,90,-0.28918080907690186,0.1301935259322617
244,50,-0.055551928755266045,0.03213533439210523
244,75,-0.21728102879014882,0.09165977972899525
244,90,-0.25978993482444307,0.12920775323060052
245,50,-0.05500048402041488,0.03251334651377519
245,75,-0.1935018905692698,0.09172795821083135
245,90,-0.23039906057198423,0.12822198052893938
246,50,-0.05444903928556372,0.032891358635445136
246,75,-0.16972275234839074,0.09179613669266747
246,90,-0.20100818631952538,0.1272362078272782
247,50,-0.05389759455071256,0.03326937075711509
247,75,-0.14594361412751167,0.09186431517450358
247,90,-0.17161731206706654,0.12625043512561707
248,50,-0.053346149815861395,0.03364738287878504
248,75,-0.12216447590663265,0.0919324936563397
248,90,-0.14222643781460775,0.1252646624239559
249,50,-0.05279470508101024,0.034025395000455
249,75,-0.09838533768575364,0.0920006721381758
249,90,-0.11283556356214886,0.12427888972229474
250,50,-0.05224326034615907,0.034403407122124946
250,75,-0.07460619946487457,0.09206885062001191
250,90,-0.08344468930969007,0.12329311702063359
251,50,-0.05086209291198918,0.03432362392496547
251,75,-0.07337358762509832,0.09262195797164356
251,90,-0.08242059177784974,0.12261804080016785
252,50,-0.04948092547781929,0.034243840727805994
252,75,-0.07214097578532211,0.09317506532327523
252,90,-0.0813964942460094,0.12194296457970209
253,50,-0.0480997580436494,0.03416405753064651
253,75,-0.0709083639455459,0.09372817267490688
253,90,-0.08037239671416903,0.12126788835923635
254,50,-0.04671859060947951,0.034084274333487034
254,75,-0.06967575210576966,0.09428128002653853
254,90,-0.07934829918232868,0.12059281213877061
255,50,-0.045337423175309616,0.03400449113632756
255,75,-0.06844314026599344,0.0948343873781702
255,90,-0.07832420165048833,0.11991773591830486
256,50,-0.04395625574113973,0.033924707939168075
256,75,-0.06721052842621722,0.09538749472980185
256,90,-0.07730010411864796,0.11924265969783912
257,50,-0.042575088306969835,0.0338449247420086
257,75,-0.065977916586441,0.0959406020814335
257,90,-0.07627600658680761,0.11856758347737338
258,50,-0.041193920872799945,0.03376514154484912
258,75,-0.06474530474666478,0.09649370943306516
258,90,-0.07525190905496726,0.11789250725690763
259,50,-0.039812753438630055,0.033685358347689646
259,75,-0.06351269290688855,0.09704681678469682
259,90,-0.07422781152312691,0.11721743103644189
260,50,-0.038431586004460165,0.03360557515053017
260,75,-0.06228008106711233,0.09759992413632848
260,90,-0.07320371399128656,0.11654235481597613
261,50,-0.037050418570290275,0.03352579195337069
261,75,-0.06104746922733611,0.09815303148796013
261,90,-0.07217961645944619,0.1158672785955104
262,50,-0.035669251136120385,0.03344600875621121
262,75,-0.059814857387559886,0.09870613883959178
262,90,-0.07115551892760584,0.11519220237504466
263,50,-0.034288083701950495,0.033366225559051735
263,75,-0.058582245547783664,0.09925924619122345
263,90,-0.07013142139576549,0.1145171261545789
264,50,-0.0329069162677806,0.03328644236189225
264,75,-0.05734963370800744,0.0998123535428551
264,90,-0.06910732386392512,0.11384204993411316
265,50,-0.031525748833610714,0.033206659164732776
265,75,-0.05611702186823122,0.10036546089448675
265,90,-0.06808322633208477,0.11316697371364742
266,50,-0.03014458139944082,0.0331268759675733
266,75,-0.054884410028455,0.10091856824611842
266,90,-0.06705912880024442,0.11249189749318167
267,50,-0.02876341396527093,0.03304709277041382
267,75,-0.053651798188678775,0.10147167559775007
267,90,-0.06603503126840407,0.11181682127271593
268,50,-0.02738224653110104,0.03296730957325435
268,75,-0.05241918634890255,0.10202478294938172
268,90,-0.06501093373656372,0.11114174505225019
269,50,-0.026001079096931147,0.032887526376094864
269,75,-0.05118657450912633,0.10257789030101339
269,90,-0.06398683620472335,0.11046666883178444
270,50,-0.024619911662761257,0.03280774317893539
270,75,-0.04995396266935011,0.10313099765264504
270,90,-0.062962738672883,0.1097915926113187
271,50,-0.024080119838342597,0.031981992597836954
271,75,-0.048852932482194,0.09989355675461846
271,90,-0.061483634926372856,0.10627639454233571
272,50,-0.023540328013923938,0.031156242016738524
272,75,-0.0477519022950379,0.09665611585659187
272,90,-0.0600045311798627,0.10276119647335273
273,50,-0.02300053618950528,0.030330491435640095
273,75,-0.0466508721078818,0.09341867495856529
273,90,-0.05852542743335255,0.09924599840436975
274,50,-0.022460744365086622,0.02950474085454166
274,75,-0.04554984192072569,0.09018123406053871
274,90,-0.057046323686842405,0.09573080033538676
275,50,-0.021920952540667962,0.02867899027344323
275,75,-0.044448811733569585,0.08694379316251213
275,90,-0.05556721994033225,0.09221560226640378
276,50,-0.021381160716249303,0.0278532396923448
276,75,-0.043347781546413486,0.08370635226448554
276,90,-0.0540881161938221,0.0887004041974208
277,50,-0.020841368891830643,0.027027489111246368
277,75,-0.04224675135925738,0.08046891136645896
277,90,-0.05260901244731195,0.08518520612843782
278,50,-0.020301577067411983,0.026201738530147938
278,75,-0.041145721172101274,0.07723147046843237
278,90,-0.0511299087008018,0.08167000805945483
279,50,-0.019761785242993324,0.025375987949049505
279,75,-0.040044690984945175,0.0739940295704058
279,90,-0.04965080495429165,0.07815480999047185
280,50,-0.019221993418574668,0.024550237367951075
280,75,-0.03894366079778907,0.07075658867237922
280,90,-0.0481717012077815,0.07463961192148887
281,50,-0.018682201594156008,0.02372448678685264
281,75,-0.03784263061063296,0.06751914777435264
281,90,-0.04669259746127135,0.07112441385250588
282,50,-0.01814240976973735,0.02289873620575421
282,75,-0.036741600423476864,0.06428170687632605
282,90,-0.0452134937147612,0.0676092157835229
283,50,-0.01760261794531869,0.022072985624655782
283,75,-0.03564057023632076,0.06104426597829947
283,90,-0.04373438996825105,0.06409401771453992
284,50,-0.01706282612090003,0.02124723504355735
284,75,-0.03453954004916465,0.057806825080272885
284,90,-0.0422552862217409,0.06057881964555693
285,50,-0.016523034296481373,0.02042148446245892
285,75,-0.03343850986200855,0.05456938418224631
285,90,-0.04077618247523075,0.05706362157657395
286,50,-0.01598324247206271,0.01959573388136049
286,75,-0.03233747967485245,0.05133194328421972
286,90,-0.0392970787287206,0.05354842350759097
287,50,-0.015443450647644052,0.018769983300262055
287,75,-0.031236449487696345,0.04809450238619314
287,90,-0.03781797498221045,0.050033225438607984
288,50,-0.014903658823225394,0.017944232719163622
288,75,-0.03013541930054024,0.04485706148816656
288,90,-0.0363388712357003,0.046518027369625
289,50,-0.014363866998806735,0.017118482138065192
289,75,-0.029034389113384136,0.041619620590139975
289,90,-0.03485976748919015,0.04300282930064202
290,50,-0.013824075174388075,0.016292731556966762
290,75,-0.02793335892622803,0.0383821796921134
290,90,-0.03338066374268,0.039487631231659034
291,50,-0.013284283349969417,0.015466980975868329
291,75,-0.026832328739071928,0.035144738794086805
291,90,-0.03190155999616985,0.03597243316267605
292,50,-0.012744491525550758,0.014641230394769899
292,75,-0.025731298551915825,0.03190729789606023
292,90,-0.030422456249659696,0.03245723509369307
293,50,-0.012204699701132098,0.013815479813671469
293,75,-0.02463026836475972,0.02866985699803365
293,90,-0.02894335250314955,0.028942037024710085
294,50,-0.01166490787671344,0.012989729232573036
294,75,-0.023529238177603617,0.025432416100007058
294,90,-0.0274642487566394,0.025426838955727102
295,50,-0.01112511605229478,0.012163978651474606
295,75,-0.022428207990447514,0.02219497520198048
295,90,-0.025985145010129246,0.02191164088674412
296,50,-0.010585324227876121,0.011338228070376172
296,75,-0.02132717780329141,0.018957534303953902
296,90,-0.024506041263619098,0.018396442817761136
297,50,-0.010045532403457461,0.010512477489277743
297,75,-0.020226147616135306,0.015720093405927324
297,90,-0.02302693751710895,0.014881244748778152
298,50,-0.009505740579038803,0.009686726908179313
298,75,-0.019125117428979203,0.012482652507900732
298,90,-0.021547833770598795,0.01136604667979517
299,50,-0.008965948754620146,0.00886097632708088
299,75,-0.018024087241823097,0.009245211609874154
299,90,-0.020068730024088648,0.007850848610812186
